<?xml version="1.0" encoding="UTF-8"?>
<metamorph xmlns="http://www.culturegraph.org/metamorph"
	xmlns:xsi="http://www.w3.org/2001/XMLSchema-instance" version="1">

	<meta>
		<name>CSV with count data</name>
	</meta>
	<rules>
		<combine name=""
			value="${count};${id};${nid};${satzart};${katlevel};${name};${sys};${ent};${syn}">

			<choose name="count">

				<data source="refed" name="count">
					<count />
				</data>

				<!-- <data source="_id"> -->
				<!-- <constant value="0" /> -->
				<!-- </data> -->
			</choose>

			<data source="_id" name="id" />

			<data source="gnd.nid" name="nid" />
			<data source="gnd.katlevel" name="katlevel" />
			<data source="gnd.satzart" name="satzart" />
			<data source="gnd.name" name="name" />
			<data source="gnd.sys" name="sys" />
			<data source="gnd.ent" name="ent" />
			<data source="gnd.syn" name="syn" />

		</combine>
	</rules>
</metamorph>
