<?xml version="1.0" encoding="UTF-8"?>
<metamorph xmlns="http://www.culturegraph.org/metamorph"
	version="1" entityMarker=".">

	<meta>
		<name>Preferred Labels</name>
		<annotation>Outputs name=PREFERRED_LABEL for each entity type in the GND</annotation>
	</meta>

	<macros>
		<macro name="pn">
			<combine name="$[out]" value="${value}" reset="false">
				<data source="@type">
					<regexp match="[pn]" />
				</data>
				<combine name="value"
					value="${personalname}${surname}${forename}${prefix}${add}"
					flushWith="028$[post]" reset="true">
					<data source="028$[post].P" name="personalname" />
					<data source="028$[post].a" name="surname" />
					<data source="028$[post].d" name="forename">
						<compose prefix=", " />
					</data>
					<data source="028$[post].c" name="prefix">
						<compose prefix=" " />
					</data>
					<concat name="add" prefix=" &lt;" postfix="&gt;" delimiter=", "
						flushWith="028$[post]" reset="true">
						<data source="028$[post].n" />
						<data source="028$[post].l" />
						<data source="028$[post].g" />
					</concat>
				</combine>
			</combine>
		</macro>

		<macro name="b">
			<combine name="$[out]" value="${value}${add}">
				<data source="@type">
					<equals string="b" />
				</data>
				<data source="029$[post].a" name="value" />
				<choose name="add">
					<concat delimiter="" name="">
						<data source="029$[post].g">
							<compose prefix=" &lt;" postfix="&gt;" />
						</data>
						<data source="029$[post].b">
							<compose prefix=" / " />
						</data>
					</concat>
					<data source="_id">
						<constant value="" />
					</data>
				</choose>
				<postprocess>
					<replace pattern="&gt; &lt;" with=", " />
				</postprocess>
			</combine>
		</macro>

		<macro name="f">
			<combine name="$[out]" value="${value}${add1}${add2}">
				<data source="@type">
					<equals string="f" />
				</data>
				<data source="030$[post].a" name="value" />
				<choose name="add2">
					<concat delimiter=", " name="" prefix=" &lt;" postfix="&gt;">
						<data source="030$[post].g" />
						<data source="030$[post].n" />
						<data source="030$[post].d" />
						<data source="030$[post].c" />
					</concat>
					<data source="_id">
						<constant value="" />
					</data>
				</choose>
				<choose name="add1">
					<data source="030$[post].b">
						<compose prefix=" / " />
					</data>
					<data source="_id">
						<constant value="" />
					</data>
				</choose>
			</combine>
		</macro>

		<macro name="g">
			<combine name="$[out]" value="${value}${add1}${add2}">
				<data source="@type">
					<equals string="g" />
				</data>
				<data source="065$[post].a" name="value" />
				<choose name="add2">
					<concat delimiter=", " name="" prefix=" &lt;" postfix="&gt;">
						<data source="065$[post].z" />
						<data source="065$[post].g" />
					</concat>
					<data source="_id">
						<constant value="" />
					</data>
				</choose>
				<choose name="add1">
					<data source="065$[post].x">
						<compose prefix=" / " />
					</data>
					<data source="_id">
						<constant value="" />
					</data>
				</choose>
			</combine>
		</macro>

		<macro name="s">
			<combine name="$[out]" value="${value}${add}">
				<data source="@type">
					<equals string="s" />
				</data>
				<data source="041$[post].a" name="value" />
				<choose name="add">
					<concat delimiter=", " name="" prefix=" &lt;" postfix="&gt;">
						<data source="041$[post].g" />
					</concat>
					<data source="_id">
						<constant value="" />
					</data>
				</choose>
			</combine>
		</macro>

		<macro name="u">
			<combine name="$[out]" value="${value}${add1}${add2}">
				<data source="@type">
					<equals string="u" />
				</data>
				<data source="022$[post].a" name="value" />
				<choose name="add2">
					<concat delimiter=", " name="" prefix=" &lt;" postfix="&gt;">
						<data source="022$[post].f" />
						<data source="022$[post].g" />
						<data source="022$[post].n" />
					</concat>
					<data source="_id">
						<constant value="" />
					</data>
				</choose>
				<choose name="add1">
					<data source="022$[post].p">
						<compose prefix=" / " />
					</data>
					<data source="_id">
						<constant value="" />
					</data>
				</choose>
			</combine>
		</macro>
	</macros>

	<rules>
		<data source="002@.0" name="@type">
			<substring start="1" end="2" />
		</data>

		<!-- pn -->
		<call-macro name="pn" post="A" out="name" />
		<call-macro name="b" post="A" out="name" />

		<!-- f -->
		<call-macro name="f" post="A" out="name" />

		<!-- s -->
		<call-macro name="s" post="A" out="name" />

		<!-- g -->
		<call-macro name="g" post="A" out="name" />

		<!-- u -->
		<call-macro name="u" post="A" out="name" />

	</rules>

	<maps>
	</maps>
</metamorph>
