<?xml version="1.0" encoding="UTF-8"?>
<!DOCTYPE log4j:configuration SYSTEM "http://logging.apache.org/log4j/1.2/apidocs/org/apache/log4j/xml/doc-files/log4j.dtd">

<log4j:configuration>
	<appender name="stdout" class="org.apache.log4j.ConsoleAppender">
		<layout class="org.apache.log4j.PatternLayout">
			<param name="ConversionPattern"
				value="%-5p [%t] [%c{1}] %m%n" />
		</layout>
	</appender>

	
	<root>
		<priority value="info" />
		<appender-ref ref="stdout" />
	</root>

</log4j:configuration>
